12346/Emily/em123/emily@book.co/23-01-2023/seller
1001/jack ingof/j1iof/jack.ingof@book.co/31-07-2023/seller
1002/joema/2001/joema@book.co/24-02-2022/seller
12347/Lucy/lc124/lucy@book.co/14-03-2023/manager
1003/sam/sam3/sam3@book.co/21-02-2019/seller
12345/Jack/52143m/jack@book.co/12-03-2012/manager
12348/Sophia/spa12/sophia@book.co/18-04-2015/seller
12344/Mike/mk123/mike@book.co/12-06-2017/seller
